image_id,image_path,question,answer
804774412,images/804774412.jpg,What is the title of this book?,The Real Problem Solvers: Social Entrepreneurs in America (Stanford Business Books)
804774412,images/804774412.jpg,What type of book is this?,Politics & Social Sciences
804774412,images/804774412.jpg,Is this a sociopolitical book?,Yes
1494260174,images/1494260174.jpg,Who wrote this book?,Tom Tango
1494260174,images/1494260174.jpg,What is the title of this book?,The Book: Playing The Percentages In Baseball
1494260174,images/1494260174.jpg,What is the genre of this book?,Sports & Outdoors
1494260174,images/1494260174.jpg,Is this book related to Sports & Outdoors?,Yes
1494260174,images/1494260174.jpg,Is this book related to Humor & Entertainment?,No
345021711,images/345021711.jpg,Who is the author of this book?,Paul R Ehrlich
345021711,images/345021711.jpg,What is the title of this book?,The population bomb
345021711,images/345021711.jpg,What is the genre of this book?,Politics & Social Sciences
345021711,images/345021711.jpg,Is this a sociopolitical book?,Yes
345021711,images/345021711.jpg,Is this a homosexuality book?,No
1782124233,images/1782124233.jpg,Who is the author of this book?,John Milton
1782124233,images/1782124233.jpg,What is the title of this book?,Paradise Lost
1782124233,images/1782124233.jpg,What type of book is this?,Literature & Fiction
1782124233,images/1782124233.jpg,Is this book related to Literature & Fiction?,Yes
1782124233,images/1782124233.jpg,Is this book related to Arts & Photography?,No
801869781,images/801869781.jpg,Who is the author of this book?,Timothy E. Quill
801869781,images/801869781.jpg,What is the title of this book?,A Midwife through the Dying Process: Stories of Healing and Hard Choices at the End of Life
801869781,images/801869781.jpg,What is the genre of this book?,Medical Books
801869781,images/801869781.jpg,Is this book related to Medical Books?,Yes
801869781,images/801869781.jpg,Is this book related to Medical Books?,No
3662242168,images/3662242168.jpg,Who wrote this book?,Richard HÃ¤ffner
3662242168,images/3662242168.jpg,What is the title of this book?,Die Beziehungen Zwischen Menstruation und Nerven- und Geisteskrankheiten auf Grund von Literatur und Klinischer Beobachtung: Inaugural-Dissertation ... zu Heidelberg (German Edition)
3662242168,images/3662242168.jpg,What type of book is this?,"Health, Fitness & Dieting"
3662242168,images/3662242168.jpg,Is this a fitness book?,Yes
3662242168,images/3662242168.jpg,Is this a journey related book?,No
448487683,images/448487683.jpg,Who wrote this book?,Eric Carle
448487683,images/448487683.jpg,What is the title of this book?,Eric Carle's How Things Grow
448487683,images/448487683.jpg,What is the genre of this book?,Children's Books
448487683,images/448487683.jpg,Is this book related to Children's Books?,Yes
448487683,images/448487683.jpg,Is this book related to Religion & Spirituality?,No
1501103830,images/1501103830.jpg,Who is the author of this book?,Scott Eyman
1501103830,images/1501103830.jpg,What is the title of this book?,The Speed of Sound: Hollywood and the Talkie Revolution 1926-1930
1501103830,images/1501103830.jpg,What is the genre of this book?,Humor & Entertainment
1501103830,images/1501103830.jpg,Is this book related to Humor & Entertainment?,Yes
1501103830,images/1501103830.jpg,Is this book related to Christian Books & Bibles?,No
1480184810,images/1480184810.jpg,Who is the author of this book?,Tanya Valentine
1480184810,images/1480184810.jpg,What is the title of this book?,All Bears Need Love
1480184810,images/1480184810.jpg,What is the genre of this book?,Parenting & Relationships
1480184810,images/1480184810.jpg,Is this book related to Parenting & Relationships?,Yes
1480184810,images/1480184810.jpg,Is this book related to Christian Books & Bibles?,No
1434810690,images/1434810690.jpg,Who wrote this book?,Michelle L. Long
1434810690,images/1434810690.jpg,What is the title of this book?,"Successful QuickBooks Consulting: The Comprehensive Guide to Starting and Growing a QuickBooks Consulting Business ---Ideal for Bookkeeping or Bookkeepers, Accounting or Accountants, or Consultants"
1434810690,images/1434810690.jpg,What type of book is this?,Computers & Technology
1434810690,images/1434810690.jpg,Is this book related to Computers & Technology?,Yes
1434810690,images/1434810690.jpg,"Is this book related to Cookbooks, Food & Wine?",No
739794922,images/739794922.jpg,Who wrote this book?,Ibp Usa
739794922,images/739794922.jpg,What is the title of this book?,Micronesia Country Study Guide
739794922,images/739794922.jpg,What is the genre of this book?,Travel
739794922,images/739794922.jpg,Is this a journey related book?,Yes
739794922,images/739794922.jpg,Is this a life story book?,No
1476757801,images/1476757801.jpg,Who wrote this book?,Tony Robbins
1476757801,images/1476757801.jpg,What is the title of this book?,MONEY Master the Game: 7 Simple Steps to Financial Freedom
1476757801,images/1476757801.jpg,What type of book is this?,Self-Help
1476757801,images/1476757801.jpg,Is this a motivational book?,Yes
1476757801,images/1476757801.jpg,Is this a transportation engineering book?,No
1402735154,images/1402735154.jpg,Who wrote this book?,Kaaren Poole
1402735154,images/1402735154.jpg,What is the title of this book?,How to Sketch Animals
1402735154,images/1402735154.jpg,What type of book is this?,Arts & Photography
1402735154,images/1402735154.jpg,Is this book related to Arts & Photography?,Yes
1402735154,images/1402735154.jpg,Is this book related to Christian Books & Bibles?,No
375823034,images/375823034.jpg,Who wrote this book?,Dr. Robert T. Bakker
375823034,images/375823034.jpg,What is the title of this book?,"Raptor Pack (Step-into-Reading, Step 5)"
375823034,images/375823034.jpg,What is the genre of this book?,Children's Books
375823034,images/375823034.jpg,Is this a kids book?,Yes
375823034,images/375823034.jpg,Is this a youngster related book?,No
1437708773,images/1437708773.jpg,Who wrote this book?,Michael S. Block DMD
1437708773,images/1437708773.jpg,What is the title of this book?,"Color Atlas of Dental Implant Surgery, 3e"
1437708773,images/1437708773.jpg,What type of book is this?,Medical Books
1437708773,images/1437708773.jpg,Is this book related to Medical Books?,Yes
1437708773,images/1437708773.jpg,Is this book related to Parenting & Relationships?,No
809053454,images/809053454.jpg,Who wrote this book?,Michael Lockshin
809053454,images/809053454.jpg,What is the title of this book?,Guarded Prognosis: A Doctor and His Patients Talk About Chronic Disease and How to Cope With It
809053454,images/809053454.jpg,What is the genre of this book?,"Health, Fitness & Dieting"
809053454,images/809053454.jpg,Is this a fitness book?,Yes
809053454,images/809053454.jpg,Is this a motivational book?,No
143037722,images/143037722.jpg,Who is the author of this book?,Jonathan Spence
143037722,images/143037722.jpg,What is the title of this book?,Mao Zedong: A Life
143037722,images/143037722.jpg,What type of book is this?,Biographies & Memoirs
143037722,images/143037722.jpg,Is this book related to Biographies & Memoirs?,Yes
143037722,images/143037722.jpg,"Is this book related to Health, Fitness & Dieting?",No
312624670,images/312624670.jpg,Who wrote this book?,C. C. Hunter
312624670,images/312624670.jpg,What is the title of this book?,Born at Midnight (A Shadow Falls Novel)
312624670,images/312624670.jpg,What type of book is this?,Teen & Young Adult
312624670,images/312624670.jpg,Is this book related to Teen & Young Adult?,Yes
312624670,images/312624670.jpg,"Is this book related to Crafts, Hobbies & Home?",No
881673404,images/881673404.jpg,Who wrote this book?,"Arthur K., M.D. Shapiro"
881673404,images/881673404.jpg,What is the title of this book?,Gilles De LA Tourette Syndrome
881673404,images/881673404.jpg,What type of book is this?,"Health, Fitness & Dieting"
881673404,images/881673404.jpg,Is this a fitness book?,Yes
881673404,images/881673404.jpg,Is this a comedy book?,No
132824876,images/132824876.jpg,Who wrote this book?,John A. Van de Walle
132824876,images/132824876.jpg,What is the title of this book?,Teaching Student-Centered Mathematics: Developmentally Appropriate Instruction for Grades 3-5 (Volume II) (2nd Edition) (New 2013 Curriculum & Instruction Titles)
132824876,images/132824876.jpg,What is the genre of this book?,Education & Teaching
132824876,images/132824876.jpg,Is this a pedagogy book?,Yes
132824876,images/132824876.jpg,Is this a child-care book?,No
1624382991,images/1624382991.jpg,Who is the author of this book?,TF Publishing
1624382991,images/1624382991.jpg,What is the title of this book?,2016 Keep Calm and Quote Movies Simplicity 18 Month Planner
1624382991,images/1624382991.jpg,What type of book is this?,Calendars
1624382991,images/1624382991.jpg,Is this book related to Calendars?,Yes
1624382991,images/1624382991.jpg,Is this book related to Comics & Graphic Novels?,No
1624382991,images/1624382991.jpg,Which year's calendar is this?,2016
073870508X,images/073870508X.jpg,Who wrote this book?,Edain McCoy
073870508X,images/073870508X.jpg,What is the title of this book?,Past-Life & Karmic Tarot (Special Topics in Tarot Series)
073870508X,images/073870508X.jpg,What type of book is this?,Religion & Spirituality
073870508X,images/073870508X.jpg,Is this book related to Religion & Spirituality?,Yes
073870508X,images/073870508X.jpg,Is this book related to Parenting & Relationships?,No
B00087O114,images/B00087O114.jpg,Who wrote this book?,Rex Hardinge
B00087O114,images/B00087O114.jpg,What is the title of this book?,"Gambia and beyond,"
B00087O114,images/B00087O114.jpg,What is the genre of this book?,Travel
B00087O114,images/B00087O114.jpg,Is this book related to Travel?,Yes
B00087O114,images/B00087O114.jpg,Is this book related to Reference?,No
190982349X,images/190982349X.jpg,Who is the author of this book?,David Wilson
190982349X,images/190982349X.jpg,What is the title of this book?,David Wilson 2016 Calendar
190982349X,images/190982349X.jpg,What is the genre of this book?,Travel
190982349X,images/190982349X.jpg,Is this a journey related book?,Yes
190982349X,images/190982349X.jpg,Is this a sci-fi book?,No
132388901,images/132388901.jpg,Who wrote this book?,Louis Newman
132388901,images/132388901.jpg,What is the title of this book?,Introduction to Jewish Ethics
132388901,images/132388901.jpg,What is the genre of this book?,Religion & Spirituality
132388901,images/132388901.jpg,Is this book related to Religion & Spirituality?,Yes
132388901,images/132388901.jpg,Is this book related to Travel?,No
1551982269,images/1551982269.jpg,Who is the author of this book?,MapArt Publishing
1551982269,images/1551982269.jpg,What is the title of this book?,Ontario Back  Road Atlas
1551982269,images/1551982269.jpg,What is the genre of this book?,Travel
1551982269,images/1551982269.jpg,Is this book related to Travel?,Yes
1551982269,images/1551982269.jpg,Is this book related to Christian Books & Bibles?,No
78952719,images/78952719.jpg,Who wrote this book?,McGraw-Hill Education
78952719,images/78952719.jpg,What is the title of this book?,Geometry Student Edition  CCSS (MERRILL GEOMETRY)
78952719,images/78952719.jpg,What type of book is this?,Science & Math
78952719,images/78952719.jpg,Is this book related to Science & Math?,Yes
78952719,images/78952719.jpg,Is this book related to Arts & Photography?,No
143115340,images/143115340.jpg,Who is the author of this book?,Lindsey Biel
143115340,images/143115340.jpg,What is the title of this book?,Raising a Sensory Smart Child: The Definitive Handbook for Helping Your Child with SensoryProcessing Issues
143115340,images/143115340.jpg,What type of book is this?,Parenting & Relationships
143115340,images/143115340.jpg,Is this book related to Parenting & Relationships?,Yes
143115340,images/143115340.jpg,Is this book related to Sports & Outdoors?,No
805439307,images/805439307.jpg,What is the title of this book?,Welcome Hallelujah Pew Card
805439307,images/805439307.jpg,What is the genre of this book?,Christian Books & Bibles
805439307,images/805439307.jpg,Is this book related to Christian Books & Bibles?,Yes
805439307,images/805439307.jpg,Is this book related to Calendars?,No
1476785724,images/1476785724.jpg,Who wrote this book?,Jennifer Ridha
1476785724,images/1476785724.jpg,What is the title of this book?,Criminal That I Am: A Memoir
1476785724,images/1476785724.jpg,What type of book is this?,Law
1476785724,images/1476785724.jpg,Is this book related to Law?,Yes
1476785724,images/1476785724.jpg,Is this book related to Teen & Young Adult?,No
1910491020,images/1910491020.jpg,Who is the author of this book?,Athanasios Terzis
1910491020,images/1910491020.jpg,What is the title of this book?,Jurgen Klopp's Attacking Tactics - Tactical Analysis and Sessions from Borussia Dortmund's 4-2-3-1
1910491020,images/1910491020.jpg,What type of book is this?,Sports & Outdoors
1910491020,images/1910491020.jpg,Is this a games related book?,Yes
1910491020,images/1910491020.jpg,Is this a pedagogy book?,No
1442203196,images/1442203196.jpg,Who is the author of this book?,Mary Mel Ambassador French
1442203196,images/1442203196.jpg,What is the title of this book?,United States Protocol: The Guide to Official Diplomatic Etiquette
1442203196,images/1442203196.jpg,What type of book is this?,Reference
1442203196,images/1442203196.jpg,Is this book related to Reference?,Yes
1442203196,images/1442203196.jpg,Is this book related to Science Fiction & Fantasy?,No
781757347,images/781757347.jpg,What is the title of this book?,"Textbook of Therapeutics: Drug and Disease Management (Helms, Textbook of Therapeutics)"
781757347,images/781757347.jpg,What type of book is this?,Medical Books
781757347,images/781757347.jpg,Is this a pharmaceutical book?,Yes
312330340,images/312330340.jpg,Who wrote this book?,Thomas McFadden
312330340,images/312330340.jpg,What is the title of this book?,"Marching Powder: A True Story of Friendship, Cocaine, and South America's Strangest Jail"
312330340,images/312330340.jpg,What is the genre of this book?,Biographies & Memoirs
312330340,images/312330340.jpg,Is this book related to Biographies & Memoirs?,Yes
312330340,images/312330340.jpg,Is this book related to Science & Math?,No
1455529389,images/1455529389.jpg,Who is the author of this book?,Joyce Meyer
1455529389,images/1455529389.jpg,What is the title of this book?,The Everyday Life Bible: The Power of God's Word for Everyday Living
1455529389,images/1455529389.jpg,What type of book is this?,Christian Books & Bibles
1455529389,images/1455529389.jpg,Is this book related to Christian Books & Bibles?,Yes
1455529389,images/1455529389.jpg,Is this book related to Science Fiction & Fantasy?,No
1426301324,images/1426301324.jpg,Who wrote this book?,Philip Wilkinson
1426301324,images/1426301324.jpg,What is the title of this book?,World History Biographies: Gandhi: The Young Protester Who Founded a Nation (National Geographic World History Biographies)
1426301324,images/1426301324.jpg,What is the genre of this book?,Children's Books
1426301324,images/1426301324.jpg,Is this book related to Children's Books?,Yes
1426301324,images/1426301324.jpg,Is this book related to History?,No
77309308,images/77309308.jpg,Who is the author of this book?,J. Holton Wilson
77309308,images/77309308.jpg,What is the title of this book?,Business Forecasting with Student CD
77309308,images/77309308.jpg,What is the genre of this book?,Business & Money
77309308,images/77309308.jpg,Is this a financial book?,Yes
77309308,images/77309308.jpg,Is this an art related book?,No
618083596,images/618083596.jpg,Who is the author of this book?,J.R.R. Tolkien
618083596,images/618083596.jpg,What is the title of this book?,"The War of the Ring: The History of The Lord of the Rings, Part Three (The History of Middle-Earth, Vol. 8)"
618083596,images/618083596.jpg,What is the genre of this book?,Science Fiction & Fantasy
618083596,images/618083596.jpg,Is this a sci-fi book?,Yes
618083596,images/618083596.jpg,Is this christianity book?,No
1609949196,images/1609949196.jpg,Who wrote this book?,Anasazi Foundation
1609949196,images/1609949196.jpg,What is the title of this book?,The Seven Paths: Changing One's Way of Walking in the World
1609949196,images/1609949196.jpg,What type of book is this?,Religion & Spirituality
1609949196,images/1609949196.jpg,Is this book related to Religion & Spirituality?,Yes
1609949196,images/1609949196.jpg,Is this book related to Gay & Lesbian?,No
1576907503,images/1576907503.jpg,Who is the author of this book?,Edward Fry
1576907503,images/1576907503.jpg,What is the title of this book?,Spelling Book: Words Most Needed Plus Phonics by Dr. Fry
1576907503,images/1576907503.jpg,What type of book is this?,Reference
1576907503,images/1576907503.jpg,Is this a reference book?,Yes
1576907503,images/1576907503.jpg,Is this a transportation engineering book?,No
022618854X,images/022618854X.jpg,Who is the author of this book?,Michel Foucault
022618854X,images/022618854X.jpg,What is the title of this book?,"About the Beginning of the Hermeneutics of the Self: Lectures at Dartmouth College, 1980"
022618854X,images/022618854X.jpg,What is the genre of this book?,Politics & Social Sciences
022618854X,images/022618854X.jpg,Is this book related to Politics & Social Sciences?,Yes
022618854X,images/022618854X.jpg,Is this book related to Humor & Entertainment?,No
190952624X,images/190952624X.jpg,What is the title of this book?,Brigid Berlin Polaroids
190952624X,images/190952624X.jpg,What is the genre of this book?,Arts & Photography
190952624X,images/190952624X.jpg,Is this an art related book?,Yes
190952624X,images/190952624X.jpg,Is this an exam preparation book?,No
1569754144,images/1569754144.jpg,Who is the author of this book?,Ellie Herman
1569754144,images/1569754144.jpg,What is the title of this book?,Ellie Herman's Pilates Props Workbook: Illustrated Step-by-Step Guide
1569754144,images/1569754144.jpg,What is the genre of this book?,"Health, Fitness & Dieting"
1569754144,images/1569754144.jpg,"Is this book related to Health, Fitness & Dieting?",Yes
1569754144,images/1569754144.jpg,"Is this book related to Cookbooks, Food & Wine?",No
900978597,images/900978597.jpg,Who wrote this book?,Stationery Office (Great Britain)
900978597,images/900978597.jpg,What is the title of this book?,Tree Roots in the Built Environment 2013 (Research for Amenity Trees)
900978597,images/900978597.jpg,What is the genre of this book?,"Crafts, Hobbies & Home"
900978597,images/900978597.jpg,Is this a crafts or hobbies related book?,Yes
3899930274,images/3899930274.jpg,Who wrote this book?,Jorg M. Steiner
3899930274,images/3899930274.jpg,What is the title of this book?,Small Animal Gastroenterology
3899930274,images/3899930274.jpg,What is the genre of this book?,Medical Books
3899930274,images/3899930274.jpg,Is this book related to Medical Books?,Yes
3899930274,images/3899930274.jpg,Is this book related to Reference?,No
1847732054,images/1847732054.jpg,Who is the author of this book?,Globetrotter
1847732054,images/1847732054.jpg,What is the title of this book?,Best of Tallinn (Globetrotter Best of Series)
1847732054,images/1847732054.jpg,What type of book is this?,Travel
1847732054,images/1847732054.jpg,Is this book related to Travel?,Yes
1847732054,images/1847732054.jpg,Is this book related to Medical Books?,No
78799821,images/78799821.jpg,Who is the author of this book?,McGraw-Hill Education
78799821,images/78799821.jpg,What is the title of this book?,"United States Government: Democracy in Action, Student Edition (GOVERNMENT IN THE U.S.)"
78799821,images/78799821.jpg,What is the genre of this book?,Teen & Young Adult
78799821,images/78799821.jpg,Is this a youngster related book?,Yes
78799821,images/78799821.jpg,Is this a historical book?,No
71768548,images/71768548.jpg,Who is the author of this book?,Eugene Toy
71768548,images/71768548.jpg,What is the title of this book?,"Case Files Emergency Medicine, Third Edition (LANGE Case Files)"
71768548,images/71768548.jpg,What is the genre of this book?,Medical Books
71768548,images/71768548.jpg,Is this a pharmaceutical book?,Yes
71768548,images/71768548.jpg,Is this a child-care book?,No
802822215,images/802822215.jpg,Who is the author of this book?,Everett Ferguson
802822215,images/802822215.jpg,What is the title of this book?,Backgrounds of Early Christianity
802822215,images/802822215.jpg,What is the genre of this book?,History
802822215,images/802822215.jpg,Is this book related to History?,Yes
802822215,images/802822215.jpg,Is this book related to Reference?,No
1592538568,images/1592538568.jpg,Who is the author of this book?,Courtney Cerruti
1592538568,images/1592538568.jpg,What is the title of this book?,"Playing with Image Transfers: Exploring Creative Imagery for Use in Art, Mixed Media, and Design"
1592538568,images/1592538568.jpg,What type of book is this?,"Crafts, Hobbies & Home"
1592538568,images/1592538568.jpg,Is this a crafts or hobbies related book?,Yes
1592538568,images/1592538568.jpg,Is this a sociopolitical book?,No
761527478,images/761527478.jpg,Who wrote this book?,Phil Schmauder
761527478,images/761527478.jpg,What is the title of this book?,Virus Proof : The Ultimate Guide to Protecting Your PC
761527478,images/761527478.jpg,What is the genre of this book?,Computers & Technology
761527478,images/761527478.jpg,Is this book related to Computers & Technology?,Yes
761527478,images/761527478.jpg,Is this book related to Education & Teaching?,No
1553695623,images/1553695623.jpg,Who is the author of this book?,Don Adams
1553695623,images/1553695623.jpg,What is the title of this book?,Head for Mexico: The Renegade Guide
1553695623,images/1553695623.jpg,What type of book is this?,Travel
1553695623,images/1553695623.jpg,Is this a journey related book?,Yes
1553695623,images/1553695623.jpg,Is this a judicial book?,No
20902956,images/20902956.jpg,Who is the author of this book?,Eileen Yin-Fei Lo
20902956,images/20902956.jpg,What is the title of this book?,The Dim Sum Dumpling Book
20902956,images/20902956.jpg,What type of book is this?,"Cookbooks, Food & Wine"
20902956,images/20902956.jpg,Is this a recipe book?,Yes
20902956,images/20902956.jpg,Is this a financial book?,No
805072543,images/805072543.jpg,Who wrote this book?,Keith Devlin
805072543,images/805072543.jpg,What is the title of this book?,The Language of Mathematics: Making the Invisible Visible
805072543,images/805072543.jpg,What type of book is this?,Science & Math
805072543,images/805072543.jpg,Is this book related to Science & Math?,Yes
805072543,images/805072543.jpg,Is this book related to Children's Books?,No
778779203,images/778779203.jpg,Who wrote this book?,Margaret Webb
778779203,images/778779203.jpg,What is the title of this book?,Social Bullying (Take a Stand Against Bullying (Crabtree))
778779203,images/778779203.jpg,What is the genre of this book?,Teen & Young Adult
778779203,images/778779203.jpg,Is this book related to Teen & Young Adult?,Yes
778779203,images/778779203.jpg,Is this book related to Politics & Social Sciences?,No
1853684198,images/1853684198.jpg,Who wrote this book?,Globetrotter
1853684198,images/1853684198.jpg,What is the title of this book?,Seychelles Travel Guide
1853684198,images/1853684198.jpg,What is the genre of this book?,Travel
1853684198,images/1853684198.jpg,Is this book related to Travel?,Yes
1853684198,images/1853684198.jpg,Is this book related to History?,No
1600960820,images/1600960820.jpg,Who wrote this book?,Robert Louis Stevenson
1600960820,images/1600960820.jpg,What is the title of this book?,David Balfour
1600960820,images/1600960820.jpg,What type of book is this?,Teen & Young Adult
1600960820,images/1600960820.jpg,Is this a youngster related book?,Yes
1600960820,images/1600960820.jpg,Is this a child-care book?,No
792271416,images/792271416.jpg,Who is the author of this book?,National Geographic Society
792271416,images/792271416.jpg,What is the title of this book?,National Geographic Book of Mammals
792271416,images/792271416.jpg,What type of book is this?,Reference
792271416,images/792271416.jpg,Is this book related to Reference?,Yes
792271416,images/792271416.jpg,Is this book related to Gay & Lesbian?,No
785823603,images/785823603.jpg,Who wrote this book?,David Darom
785823603,images/785823603.jpg,What is the title of this book?,The Great Collections: Modern Custom Knives
785823603,images/785823603.jpg,What is the genre of this book?,"Crafts, Hobbies & Home"
785823603,images/785823603.jpg,Is this a crafts or hobbies related book?,Yes
785823603,images/785823603.jpg,Is this a pedagogy book?,No
743289579,images/743289579.jpg,Who is the author of this book?,Annabel Karmel
743289579,images/743289579.jpg,What is the title of this book?,Top 100 Baby Purees
743289579,images/743289579.jpg,What type of book is this?,"Cookbooks, Food & Wine"
743289579,images/743289579.jpg,Is this a recipe book?,Yes
743289579,images/743289579.jpg,Is this a recipe book?,No
B0049VPI4O,images/B0049VPI4O.jpg,Who is the author of this book?,Author
B0049VPI4O,images/B0049VPI4O.jpg,What is the title of this book?,Eats Shoots & Leaves the zero tolerance approach to punctutation 2006 Gotham Trade paperback
B0049VPI4O,images/B0049VPI4O.jpg,What is the genre of this book?,Reference
B0049VPI4O,images/B0049VPI4O.jpg,Is this a reference book?,Yes
B0049VPI4O,images/B0049VPI4O.jpg,Is this a crafts or hobbies related book?,No
B00D1GJLYG,images/B00D1GJLYG.jpg,Who wrote this book?,Greg Lehey
B00D1GJLYG,images/B00D1GJLYG.jpg,What is the title of this book?,The Complete FreeBSD: Documentation from the Source
B00D1GJLYG,images/B00D1GJLYG.jpg,What type of book is this?,Computers & Technology
B00D1GJLYG,images/B00D1GJLYG.jpg,Is this book related to Computers & Technology?,Yes
B00D1GJLYG,images/B00D1GJLYG.jpg,Is this book related to Literature & Fiction?,No
310270227,images/310270227.jpg,Who is the author of this book?,Gary D. Pratico
310270227,images/310270227.jpg,What is the title of this book?,"Basics of Biblical Hebrew: Workbook, 2nd Edition"
310270227,images/310270227.jpg,What is the genre of this book?,Christian Books & Bibles
310270227,images/310270227.jpg,Is this book related to Christian Books & Bibles?,Yes
310270227,images/310270227.jpg,Is this book related to Religion & Spirituality?,No
1461380359,images/1461380359.jpg,What is the title of this book?,Hot Carriers in Semiconductors
1461380359,images/1461380359.jpg,What is the genre of this book?,Science & Math
1461380359,images/1461380359.jpg,Is this book related to Science & Math?,Yes
1461380359,images/1461380359.jpg,Is this book related to Calendars?,No
470440880,images/470440880.jpg,Who is the author of this book?,Vanessa Maltin
470440880,images/470440880.jpg,What is the title of this book?,"The Gloriously Gluten-Free Cookbook: Spicing Up Life with Italian, Asian, and Mexican Recipes"
470440880,images/470440880.jpg,What type of book is this?,"Cookbooks, Food & Wine"
470440880,images/470440880.jpg,"Is this book related to Cookbooks, Food & Wine?",Yes
470440880,images/470440880.jpg,Is this book related to Science Fiction & Fantasy?,No
201746123,images/201746123.jpg,Who wrote this book?,Brian M. Edwards
201746123,images/201746123.jpg,What is the title of this book?,Interdomain Multicast Routing: Practical Juniper Networks and Cisco Systems Solutions: Practical Juniper Networks and Cisco Systems Solutions
201746123,images/201746123.jpg,What type of book is this?,Computers & Technology
201746123,images/201746123.jpg,Is this book related to Computers & Technology?,Yes
201746123,images/201746123.jpg,Is this book related to Humor & Entertainment?,No
801068355,images/801068355.jpg,Who wrote this book?,Gary L. McIntosh
801068355,images/801068355.jpg,What is the title of this book?,Overcoming the Dark Side of Leadership: How to Become an Effective Leader by Confronting Potential Failures
801068355,images/801068355.jpg,What type of book is this?,Christian Books & Bibles
801068355,images/801068355.jpg,Is this book related to Christian Books & Bibles?,Yes
801068355,images/801068355.jpg,Is this book related to Test Preparation?,No
1118096894,images/1118096894.jpg,Who wrote this book?,Jerry J. Weygandt
1118096894,images/1118096894.jpg,What is the title of this book?,Managerial Accounting: Tools for Business Decision Making
1118096894,images/1118096894.jpg,What is the genre of this book?,Business & Money
1118096894,images/1118096894.jpg,Is this a financial book?,Yes
1118096894,images/1118096894.jpg,Is this a financial book?,No
1575424134,images/1575424134.jpg,Who wrote this book?,Youth Communication
1575424134,images/1575424134.jpg,What is the title of this book?,Vicious: True Stories by Teens About Bullying (Real Teen Voices Series)
1575424134,images/1575424134.jpg,What is the genre of this book?,Teen & Young Adult
1575424134,images/1575424134.jpg,Is this book related to Teen & Young Adult?,Yes
1575424134,images/1575424134.jpg,Is this book related to Christian Books & Bibles?,No
990822311,images/990822311.jpg,Who wrote this book?,Kathleen DiChiara FDN
990822311,images/990822311.jpg,What is the title of this book?,"The Hidden Connection: Discover What's Keeping You From Feeling Happy, Healthy and Symptom-Free (B/W Version)"
990822311,images/990822311.jpg,What type of book is this?,"Health, Fitness & Dieting"
990822311,images/990822311.jpg,"Is this book related to Health, Fitness & Dieting?",Yes
990822311,images/990822311.jpg,Is this book related to Arts & Photography?,No
1770410953,images/1770410953.jpg,Who is the author of this book?,Liv Spencer
1770410953,images/1770410953.jpg,What is the title of this book?,Rosewood Confidential: The Unofficial Companion to Pretty Little Liars
1770410953,images/1770410953.jpg,What type of book is this?,Teen & Young Adult
1770410953,images/1770410953.jpg,Is this a youngster related book?,Yes
1604693592,images/1604693592.jpg,Who is the author of this book?,Kenji Kobayashi
1604693592,images/1604693592.jpg,What is the title of this book?,"Keshiki Bonsai: The Easy, Modern Way to Create Miniature Landscapes"
1604693592,images/1604693592.jpg,What is the genre of this book?,"Crafts, Hobbies & Home"
1604693592,images/1604693592.jpg,Is this a crafts or hobbies related book?,Yes
1604693592,images/1604693592.jpg,Is this christianity book?,No
882662139,images/882662139.jpg,Who wrote this book?,Charles Siegchrist
882662139,images/882662139.jpg,What is the title of this book?,Building & Using Cold Frames: Garden Way Publishing Bulletin A-39
882662139,images/882662139.jpg,What type of book is this?,"Crafts, Hobbies & Home"
882662139,images/882662139.jpg,"Is this book related to Crafts, Hobbies & Home?",Yes
882662139,images/882662139.jpg,"Is this book related to Cookbooks, Food & Wine?",No
739184008,images/739184008.jpg,Who wrote this book?,Franck Salameh
739184008,images/739184008.jpg,What is the title of this book?,"Charles Corm: An Intellectual Biography of a Twentieth-Century Lebanese ""Young Phoenician"" (The Levant and Near East: A Multidisciplinary Book Series)"
739184008,images/739184008.jpg,What is the genre of this book?,Biographies & Memoirs
739184008,images/739184008.jpg,Is this a life story book?,Yes
739184008,images/739184008.jpg,Is this a digital technology book?,No
9653016539,images/9653016539.jpg,Who wrote this book?,Rabbi Jonathan Sacks
9653016539,images/9653016539.jpg,What is the title of this book?,The Jonathan Sacks Haggada
9653016539,images/9653016539.jpg,What is the genre of this book?,Religion & Spirituality
9653016539,images/9653016539.jpg,Is this a religious book?,Yes
9653016539,images/9653016539.jpg,Is this a youngster related book?,No
1629053295,images/1629053295.jpg,Who is the author of this book?,Day Dream
1629053295,images/1629053295.jpg,What is the title of this book?,Vintage Baseball Wall Calendar (2016)
1629053295,images/1629053295.jpg,What type of book is this?,Calendars
1629053295,images/1629053295.jpg,Is this an art related book?,No
1629053295,images/1629053295.jpg,Which year's calendar is this?,2016
199664765,images/199664765.jpg,Who is the author of this book?,Paula Jarzabkowski
199664765,images/199664765.jpg,What is the title of this book?,Making a Market for Acts of God: The Practice of Risk Trading in the Global Reinsurance Industry
199664765,images/199664765.jpg,What type of book is this?,Business & Money
199664765,images/199664765.jpg,Is this book related to Business & Money?,Yes
199664765,images/199664765.jpg,Is this book related to Comics & Graphic Novels?,No
1460913043,images/1460913043.jpg,Who is the author of this book?,Robin Morris
1460913043,images/1460913043.jpg,What is the title of this book?,Plane Shaping: How To Make A Surfboard
1460913043,images/1460913043.jpg,What type of book is this?,Sports & Outdoors
1460913043,images/1460913043.jpg,Is this book related to Sports & Outdoors?,Yes
1460913043,images/1460913043.jpg,Is this book related to Parenting & Relationships?,No
1419712578,images/1419712578.jpg,Who wrote this book?,Angelika Taschen
1419712578,images/1419712578.jpg,What is the title of this book?,Berlin Street Style: A Guide to Urban Chic
1419712578,images/1419712578.jpg,What is the genre of this book?,Travel
1419712578,images/1419712578.jpg,Is this a journey related book?,Yes
1419712578,images/1419712578.jpg,Is this a historical book?,No
60897392,images/60897392.jpg,Who is the author of this book?,Raphael Cushnir
60897392,images/60897392.jpg,What is the title of this book?,The One Thing Holding You Back: Unleashing the Power of Emotional Connection
60897392,images/60897392.jpg,What type of book is this?,Self-Help
60897392,images/60897392.jpg,Is this book related to Self-Help?,Yes
60897392,images/60897392.jpg,Is this book related to Calendars?,No
737724927,images/737724927.jpg,What is the title of this book?,Abortion (Social Issues Firsthand)
737724927,images/737724927.jpg,What is the genre of this book?,Teen & Young Adult
737724927,images/737724927.jpg,Is this a youngster related book?,Yes
737724927,images/737724927.jpg,Is this a journey related book?,No
151200782X,images/151200782X.jpg,Who is the author of this book?,Walker Rowe
151200782X,images/151200782X.jpg,What is the title of this book?,The Avocado Republic of Chile: Because it's too Cold to Grow Bananas
151200782X,images/151200782X.jpg,What type of book is this?,Travel
151200782X,images/151200782X.jpg,Is this book related to Travel?,Yes
151200782X,images/151200782X.jpg,Is this book related to Travel?,No
1878267264,images/1878267264.jpg,Who wrote this book?,Susan Hughes
1878267264,images/1878267264.jpg,What is the title of this book?,Ryan: A Mother's Story of Her Hyperactive/Tourette Syndrome Child
1878267264,images/1878267264.jpg,What is the genre of this book?,"Health, Fitness & Dieting"
1878267264,images/1878267264.jpg,"Is this book related to Health, Fitness & Dieting?",Yes
1878267264,images/1878267264.jpg,Is this book related to Christian Books & Bibles?,No
1566952999,images/1566952999.jpg,Who is the author of this book?,National Geographic Maps - Trails Illustrated
1566952999,images/1566952999.jpg,What is the title of this book?,Yosemite National Park (National Geographic Trails Illustrated Map)
1566952999,images/1566952999.jpg,What type of book is this?,Reference
1566952999,images/1566952999.jpg,Is this book related to Reference?,Yes
1566952999,images/1566952999.jpg,Is this book related to Christian Books & Bibles?,No
1429668784,images/1429668784.jpg,Who wrote this book?,Paul Mason
1429668784,images/1429668784.jpg,What is the title of this book?,Dirt Biking: The World's Most Remarkable Dirt Bike Rides and Techniques (Passport to World Sports)
1429668784,images/1429668784.jpg,What type of book is this?,Children's Books
1429668784,images/1429668784.jpg,Is this a kids book?,Yes
1429668784,images/1429668784.jpg,Is this a financial book?,No
1574219189,images/1574219189.jpg,Who wrote this book?,Suzanne McNeill
1574219189,images/1574219189.jpg,What is the title of this book?,"Rag Rugs, Revised Edition: 16 Easy Crochet Projects to Make with Strips of Fabric"
1574219189,images/1574219189.jpg,What type of book is this?,"Crafts, Hobbies & Home"
1574219189,images/1574219189.jpg,"Is this book related to Crafts, Hobbies & Home?",Yes
1574219189,images/1574219189.jpg,"Is this book related to Crafts, Hobbies & Home?",No
62062999,images/62062999.jpg,Who wrote this book?,Deborah Tannen
62062999,images/62062999.jpg,What is the title of this book?,That's Not What I Meant!: How Conversational Style Makes or Breaks Relationships
62062999,images/62062999.jpg,What is the genre of this book?,"Health, Fitness & Dieting"
62062999,images/62062999.jpg,"Is this book related to Health, Fitness & Dieting?",Yes
62062999,images/62062999.jpg,Is this book related to Romance?,No
425227618,images/425227618.jpg,Who is the author of this book?,Sarah McCarty
425227618,images/425227618.jpg,What is the title of this book?,Wild Instinct
425227618,images/425227618.jpg,What is the genre of this book?,Romance
425227618,images/425227618.jpg,Is this book related to Romance?,Yes
425227618,images/425227618.jpg,Is this book related to Education & Teaching?,No
595345212,images/595345212.jpg,Who wrote this book?,Alison Lurie
595345212,images/595345212.jpg,What is the title of this book?,Clever Gretchen and Other Forgotten Folktales
595345212,images/595345212.jpg,What is the genre of this book?,Children's Books
595345212,images/595345212.jpg,Is this a kids book?,Yes
595345212,images/595345212.jpg,Is this a journey related book?,No
098935783X,images/098935783X.jpg,Who is the author of this book?,"Dr, Albert D. Bates"
098935783X,images/098935783X.jpg,What is the title of this book?,THE REAL PROFIT DRIVERS: MANAGING THE CPVs
098935783X,images/098935783X.jpg,What is the genre of this book?,Business & Money
098935783X,images/098935783X.jpg,Is this a financial book?,Yes
098935783X,images/098935783X.jpg,Is this a comedy book?,No
307341577,images/307341577.jpg,Who wrote this book?,Gillian Flynn
307341577,images/307341577.jpg,What is the title of this book?,Dark Places
307341577,images/307341577.jpg,What type of book is this?,"Mystery, Thriller & Suspense"
307341577,images/307341577.jpg,"Is this book related to Mystery, Thriller & Suspense?",Yes
307341577,images/307341577.jpg,Is this book related to Comics & Graphic Novels?,No
822590360,images/822590360.jpg,Who is the author of this book?,Alison Marie Behnke
822590360,images/822590360.jpg,What is the title of this book?,Death of a Dreamer: The Assassination of John Lennon (Single Titles)
822590360,images/822590360.jpg,What type of book is this?,Teen & Young Adult
822590360,images/822590360.jpg,Is this book related to Teen & Young Adult?,Yes
822590360,images/822590360.jpg,"Is this book related to Cookbooks, Food & Wine?",No
813807824,images/813807824.jpg,What is the title of this book?,Small Animal Soft Tissue Surgery
813807824,images/813807824.jpg,What type of book is this?,Medical Books
813807824,images/813807824.jpg,Is this book related to Medical Books?,Yes
813807824,images/813807824.jpg,Is this book related to Reference?,No
1555866530,images/1555866530.jpg,What is the title of this book?,Brothers and Sisters to Us
1555866530,images/1555866530.jpg,What is the genre of this book?,Teen & Young Adult
1555866530,images/1555866530.jpg,Is this book related to Teen & Young Adult?,Yes
1555866530,images/1555866530.jpg,Is this book related to Children's Books?,No
1585428639,images/1585428639.jpg,Who wrote this book?,Gary Lachman
1585428639,images/1585428639.jpg,What is the title of this book?,Madame Blavatsky: The Mother of Modern Spirituality
1585428639,images/1585428639.jpg,What is the genre of this book?,Religion & Spirituality
1585428639,images/1585428639.jpg,Is this a religious book?,Yes
1585428639,images/1585428639.jpg,Is this a sci-fi book?,No
1465408487,images/1465408487.jpg,Who is the author of this book?,Hugo Wilson
1465408487,images/1465408487.jpg,What is the title of this book?,Ultimate Harley Davidson
1465408487,images/1465408487.jpg,What is the genre of this book?,Engineering & Transportation
1465408487,images/1465408487.jpg,Is this a transportation engineering book?,Yes
1465408487,images/1465408487.jpg,Is this a digital technology book?,No
767913469,images/767913469.jpg,Who is the author of this book?,June Cotner
767913469,images/767913469.jpg,What is the title of this book?,"Wedding Blessings: Prayers and Poems Celebrating Love, Marriage and Anniversaries"
767913469,images/767913469.jpg,What is the genre of this book?,"Crafts, Hobbies & Home"
767913469,images/767913469.jpg,"Is this book related to Crafts, Hobbies & Home?",Yes
767913469,images/767913469.jpg,Is this book related to Christian Books & Bibles?,No
141698335X,images/141698335X.jpg,Who wrote this book?,Toni Morrison
141698335X,images/141698335X.jpg,What is the title of this book?,The Tortoise or the Hare
141698335X,images/141698335X.jpg,What is the genre of this book?,Children's Books
141698335X,images/141698335X.jpg,Is this book related to Children's Books?,Yes
141698335X,images/141698335X.jpg,Is this book related to Religion & Spirituality?,No
2067189867,images/2067189867.jpg,Who is the author of this book?,Michelin
2067189867,images/2067189867.jpg,What is the title of this book?,Guide vert Thailande [green guide Thailand] (French Edition)
2067189867,images/2067189867.jpg,What type of book is this?,Travel
2067189867,images/2067189867.jpg,Is this a journey related book?,Yes
2067189867,images/2067189867.jpg,Is this a crafts or hobbies related book?,No
633018511,images/633018511.jpg,Who is the author of this book?,Beth Moore
633018511,images/633018511.jpg,What is the title of this book?,Beloved Disciple (Bible Study Book): The Life and Ministry of John
633018511,images/633018511.jpg,What type of book is this?,Christian Books & Bibles
633018511,images/633018511.jpg,Is this book related to Christian Books & Bibles?,Yes
633018511,images/633018511.jpg,"Is this book related to Crafts, Hobbies & Home?",No
806995181,images/806995181.jpg,Who wrote this book?,Robin Daugherty
806995181,images/806995181.jpg,What is the title of this book?,Splint Woven Basketry
806995181,images/806995181.jpg,What is the genre of this book?,"Crafts, Hobbies & Home"
806995181,images/806995181.jpg,Is this a crafts or hobbies related book?,Yes
806995181,images/806995181.jpg,Is this a child-care book?,No
1500206520,images/1500206520.jpg,Who is the author of this book?,Andrew Delaplaine
1500206520,images/1500206520.jpg,What is the title of this book?,NASHVILLE - The Delaplaine 2015 Long Weekend Guide
1500206520,images/1500206520.jpg,What type of book is this?,Travel
1500206520,images/1500206520.jpg,Is this a journey related book?,Yes
1500206520,images/1500206520.jpg,Is this a life story book?,No
1591863457,images/1591863457.jpg,Who is the author of this book?,Mary Irish
1591863457,images/1591863457.jpg,What is the title of this book?,Month-By-Month Gardening in the Deserts of Arizona: What to Do Each Month to Have a Beautiful Garden All Year
1591863457,images/1591863457.jpg,What is the genre of this book?,"Crafts, Hobbies & Home"
1591863457,images/1591863457.jpg,"Is this book related to Crafts, Hobbies & Home?",Yes
1591863457,images/1591863457.jpg,Is this book related to Comics & Graphic Novels?,No
143117319,images/143117319.jpg,Who wrote this book?,Craig Johnson
143117319,images/143117319.jpg,What is the title of this book?,The Dark Horse: A Walt Longmire Mystery (A Longmire Mystery)
143117319,images/143117319.jpg,What is the genre of this book?,Literature & Fiction
143117319,images/143117319.jpg,Is this book related to Literature & Fiction?,Yes
143117319,images/143117319.jpg,Is this book related to Science Fiction & Fantasy?,No
801036143,images/801036143.jpg,Who wrote this book?,Victor P. Hamilton
801036143,images/801036143.jpg,What is the title of this book?,"Handbook on the Historical Books: Joshua, Judges, Ruth, Samuel, Kings, Chronicles, Ezra-Nehemiah, Esther"
801036143,images/801036143.jpg,What type of book is this?,Christian Books & Bibles
801036143,images/801036143.jpg,Is this christianity book?,Yes
801036143,images/801036143.jpg,Is this a sociopolitical book?,No
73523216,images/73523216.jpg,Who wrote this book?,Bradley R. Schiller
73523216,images/73523216.jpg,What is the title of this book?,"The Economy Today, 13th Edition (McGraw-Hill Series Economics)"
73523216,images/73523216.jpg,What type of book is this?,Business & Money
73523216,images/73523216.jpg,Is this book related to Business & Money?,Yes
73523216,images/73523216.jpg,Is this book related to Computers & Technology?,No
310257956,images/310257956.jpg,Who is the author of this book?,Bruce L. Bugbee
310257956,images/310257956.jpg,What is the title of this book?,"Network Participant's Guide: The Right People, in the Right Places, for the Right Reasons, at the Right Time"
310257956,images/310257956.jpg,What is the genre of this book?,Christian Books & Bibles
310257956,images/310257956.jpg,Is this christianity book?,Yes
310257956,images/310257956.jpg,Is this a historical book?,No
139421866,images/139421866.jpg,Who wrote this book?,Heinz Fraenkel-Conrat
139421866,images/139421866.jpg,What is the title of this book?,Virology
139421866,images/139421866.jpg,What is the genre of this book?,Medical Books
139421866,images/139421866.jpg,Is this book related to Medical Books?,Yes
139421866,images/139421866.jpg,Is this book related to Literature & Fiction?,No
674283961,images/674283961.jpg,Who wrote this book?,W. Jeffrey Bolster
674283961,images/674283961.jpg,What is the title of this book?,The Mortal Sea: Fishing the Atlantic in the Age of Sail
674283961,images/674283961.jpg,What type of book is this?,History
674283961,images/674283961.jpg,Is this a historical book?,Yes
674283961,images/674283961.jpg,Is this a pharmaceutical book?,No
230613888,images/230613888.jpg,Who is the author of this book?,Teressa Iezzi
230613888,images/230613888.jpg,What is the title of this book?,The Idea Writers: Copywriting in a New Media and Marketing Era
230613888,images/230613888.jpg,What type of book is this?,Law
230613888,images/230613888.jpg,Is this a judicial book?,Yes
230613888,images/230613888.jpg,Is this a fitness book?,No
1770854436,images/1770854436.jpg,Who wrote this book?,Hollis Liebman
1770854436,images/1770854436.jpg,What is the title of this book?,Encyclopedia of Exercise Anatomy (Anatomy of)
1770854436,images/1770854436.jpg,What type of book is this?,Reference
1770854436,images/1770854436.jpg,Is this book related to Reference?,Yes
1770854436,images/1770854436.jpg,Is this book related to Calendars?,No
764596462,images/764596462.jpg,Who wrote this book?,American BookWorks Corporation
764596462,images/764596462.jpg,What is the title of this book?,CliffsTestPrep Foreign Service Officer Exam: Preparation for the Written Exam and the Oral Assessment
764596462,images/764596462.jpg,What is the genre of this book?,Test Preparation
764596462,images/764596462.jpg,Is this book related to Test Preparation?,Yes
764596462,images/764596462.jpg,"Is this book related to Crafts, Hobbies & Home?",No
764229982,images/764229982.jpg,Who wrote this book?,Eddie Smith
764229982,images/764229982.jpg,What is the title of this book?,Breaking the Enemy's Grip
764229982,images/764229982.jpg,What type of book is this?,Christian Books & Bibles
764229982,images/764229982.jpg,Is this christianity book?,Yes
307279502,images/307279502.jpg,Who is the author of this book?,Lewis Hyde
307279502,images/307279502.jpg,What is the title of this book?,The Gift: Creativity and the Artist in the Modern World
307279502,images/307279502.jpg,What is the genre of this book?,Literature & Fiction
307279502,images/307279502.jpg,Is this book related to Literature & Fiction?,Yes
307279502,images/307279502.jpg,Is this book related to Medical Books?,No
199332347,images/199332347.jpg,What is the title of this book?,Oxford Textbook of Palliative Nursing (Oxford Textbooks in Palliative Medicine)
199332347,images/199332347.jpg,What is the genre of this book?,Self-Help
199332347,images/199332347.jpg,Is this a motivational book?,Yes
199332347,images/199332347.jpg,Is this a comedy book?,No
764588443,images/764588443.jpg,Who is the author of this book?,Peter P. Greweling
764588443,images/764588443.jpg,What is the title of this book?,"Chocolates and Confections: Formula, Theory, and Technique for the Artisan Confectioner"
764588443,images/764588443.jpg,What is the genre of this book?,"Cookbooks, Food & Wine"
764588443,images/764588443.jpg,"Is this book related to Cookbooks, Food & Wine?",Yes
764588443,images/764588443.jpg,Is this book related to Romance?,No
1572245913,images/1572245913.jpg,Who wrote this book?,Carolyn Ross
1572245913,images/1572245913.jpg,What is the title of this book?,The Binge Eating and Compulsive Overeating Workbook: An Integrated Approach to Overcoming Disordered Eating (The New Harbinger Whole-Body Healing Series)
1572245913,images/1572245913.jpg,What type of book is this?,Self-Help
1572245913,images/1572245913.jpg,Is this a motivational book?,Yes
1572245913,images/1572245913.jpg,Is this a motivational book?,No
1908967455,images/1908967455.jpg,What is the title of this book?,"The Good Gardener?: Nature, Humanity and the Garden"
1908967455,images/1908967455.jpg,What is the genre of this book?,"Crafts, Hobbies & Home"
1908967455,images/1908967455.jpg,Is this a crafts or hobbies related book?,Yes
1908967455,images/1908967455.jpg,Is this a historical book?,No
1440579539,images/1440579539.jpg,Who is the author of this book?,Jodee Blanco
1440579539,images/1440579539.jpg,What is the title of this book?,Bullied Kids Speak Out: We Survived--How You Can Too
1440579539,images/1440579539.jpg,What type of book is this?,Teen & Young Adult
1440579539,images/1440579539.jpg,Is this book related to Teen & Young Adult?,Yes
1440579539,images/1440579539.jpg,"Is this book related to Cookbooks, Food & Wine?",No
1517004446,images/1517004446.jpg,Who is the author of this book?,Thomas Frank
1517004446,images/1517004446.jpg,What is the title of this book?,10 Steps to Earning Awesome Grades (While Studying Less)
1517004446,images/1517004446.jpg,What type of book is this?,Test Preparation
1517004446,images/1517004446.jpg,Is this an exam preparation book?,Yes
1517004446,images/1517004446.jpg,Is this a motivational book?,No
089870815X,images/089870815X.jpg,Who wrote this book?,Michael O'Brien
089870815X,images/089870815X.jpg,What is the title of this book?,The Father's Tale: A Novel
089870815X,images/089870815X.jpg,What type of book is this?,Literature & Fiction
089870815X,images/089870815X.jpg,Is this a sociopolitical book?,No
787995207,images/787995207.jpg,Who wrote this book?,Raymond J. Wlodkowski
787995207,images/787995207.jpg,What is the title of this book?,Enhancing Adult Motivation to Learn: A Comprehensive Guide for Teaching All Adults
787995207,images/787995207.jpg,What is the genre of this book?,Education & Teaching
787995207,images/787995207.jpg,Is this book related to Education & Teaching?,Yes
787995207,images/787995207.jpg,Is this book related to Medical Books?,No
1564149722,images/1564149722.jpg,Who wrote this book?,John Lerma
1564149722,images/1564149722.jpg,What is the title of this book?,"Into the Light: Real Life Stories About Angelic Visits, Visions of the Afterlife, and Other Pre-Death Experiences"
1564149722,images/1564149722.jpg,What is the genre of this book?,Religion & Spirituality
1564149722,images/1564149722.jpg,Is this book related to Religion & Spirituality?,Yes
1564149722,images/1564149722.jpg,Is this book related to History?,No
044842889X,images/044842889X.jpg,Who wrote this book?,Yona Zeldis McDonough
044842889X,images/044842889X.jpg,What is the title of this book?,Who Was Harriet Tubman?
044842889X,images/044842889X.jpg,What type of book is this?,History
044842889X,images/044842889X.jpg,Is this book related to History?,Yes
044842889X,images/044842889X.jpg,Is this book related to Biographies & Memoirs?,No
1438840101,images/1438840101.jpg,Who wrote this book?,Trends International
1438840101,images/1438840101.jpg,What is the title of this book?,Horses 2016 Wall Calendar
1438840101,images/1438840101.jpg,What is the genre of this book?,Calendars
1438840101,images/1438840101.jpg,Is this a sociopolitical book?,No
1438840101,images/1438840101.jpg,What is the year printed on this calendar?,2016
052163721X,images/052163721X.jpg,Who wrote this book?,David I. Bower
052163721X,images/052163721X.jpg,What is the title of this book?,An Introduction to Polymer Physics
052163721X,images/052163721X.jpg,What type of book is this?,Science & Math
052163721X,images/052163721X.jpg,Is this a kids book?,No
1560449772,images/1560449772.jpg,Who wrote this book?,Bill Cunningham
1560449772,images/1560449772.jpg,What is the title of this book?,Best Easy Day Hikes Death Valley (Best Easy Day Hikes Series)
1560449772,images/1560449772.jpg,What is the genre of this book?,Travel
1560449772,images/1560449772.jpg,Is this a journey related book?,Yes
1560449772,images/1560449772.jpg,Is this a financial book?,No
1581344910,images/1581344910.jpg,Who wrote this book?,R. Kent Hughes
1581344910,images/1581344910.jpg,What is the title of this book?,Set Apart: Calling a Worldly Church to a Godly Life
1581344910,images/1581344910.jpg,What type of book is this?,Christian Books & Bibles
1581344910,images/1581344910.jpg,Is this book related to Christian Books & Bibles?,Yes
1581344910,images/1581344910.jpg,Is this book related to Test Preparation?,No
385539282,images/385539282.jpg,Who is the author of this book?,Bill Bryson
385539282,images/385539282.jpg,What is the title of this book?,The Road to Little Dribbling: Adventures of an American in Britain
385539282,images/385539282.jpg,What is the genre of this book?,History
385539282,images/385539282.jpg,Is this book related to History?,Yes
385539282,images/385539282.jpg,Is this book related to Humor & Entertainment?,No
006073440X,images/006073440X.jpg,Who wrote this book?,Geeta Anand
006073440X,images/006073440X.jpg,What is the title of this book?,The Cure: How a Father Raised $100 Million--and Bucked the Medical Establishment--in a Quest to Save His Children
006073440X,images/006073440X.jpg,What type of book is this?,"Health, Fitness & Dieting"
006073440X,images/006073440X.jpg,"Is this book related to Health, Fitness & Dieting?",Yes
006073440X,images/006073440X.jpg,Is this book related to Comics & Graphic Novels?,No
087630742X,images/087630742X.jpg,Who is the author of this book?,Marlene E. Hunter
087630742X,images/087630742X.jpg,What is the title of this book?,Creative Scripts for Hypnotherapy
087630742X,images/087630742X.jpg,What is the genre of this book?,"Health, Fitness & Dieting"
087630742X,images/087630742X.jpg,"Is this book related to Health, Fitness & Dieting?",Yes
087630742X,images/087630742X.jpg,Is this book related to Literature & Fiction?,No
964483807,images/964483807.jpg,What is the title of this book?,Dancing in the Rain: Stories of Exceptional Progress by Parents of Children With Special Needs
964483807,images/964483807.jpg,What is the genre of this book?,"Health, Fitness & Dieting"
964483807,images/964483807.jpg,Is this a fitness book?,Yes
964483807,images/964483807.jpg,Is this a crafts or hobbies related book?,No
393351890,images/393351890.jpg,Who wrote this book?,Jonathan Eig
393351890,images/393351890.jpg,What is the title of this book?,The Birth of the Pill: How Four Crusaders Reinvented Sex and Launched a Revolution
393351890,images/393351890.jpg,What type of book is this?,Medical Books
393351890,images/393351890.jpg,Is this a pharmaceutical book?,Yes
393351890,images/393351890.jpg,Is this a life story book?,No
387508597,images/387508597.jpg,Who is the author of this book?,W. Ahne
387508597,images/387508597.jpg,What is the title of this book?,Viruses of Lower Vertebrates
387508597,images/387508597.jpg,What type of book is this?,Medical Books
387508597,images/387508597.jpg,Is this book related to Medical Books?,Yes
387508597,images/387508597.jpg,Is this book related to Christian Books & Bibles?,No
1860110576,images/1860110576.jpg,Who is the author of this book?,Rupert Isaacson
1860110576,images/1860110576.jpg,What is the title of this book?,"Zimbabwe, Botswana, & Namibia"
1860110576,images/1860110576.jpg,What type of book is this?,Travel
1860110576,images/1860110576.jpg,Is this a journey related book?,Yes
1860110576,images/1860110576.jpg,Is this a homosexuality book?,No
1556432771,images/1556432771.jpg,Who wrote this book?,Todd Rowe
1556432771,images/1556432771.jpg,What is the title of this book?,"Homeopathic Methodology: Repertory, Case Taking, and Case Analysis"
1556432771,images/1556432771.jpg,What type of book is this?,"Health, Fitness & Dieting"
1556432771,images/1556432771.jpg,"Is this book related to Health, Fitness & Dieting?",Yes
1556432771,images/1556432771.jpg,Is this book related to Reference?,No
1550027557,images/1550027557.jpg,Who is the author of this book?,Norma Charles
1550027557,images/1550027557.jpg,What is the title of this book?,Boxcar Kid
1550027557,images/1550027557.jpg,What type of book is this?,Teen & Young Adult
1550027557,images/1550027557.jpg,Is this book related to Teen & Young Adult?,Yes
1550027557,images/1550027557.jpg,Is this book related to Politics & Social Sciences?,No
1416549013,images/1416549013.jpg,Who wrote this book?,Daniel Tammet
1416549013,images/1416549013.jpg,What is the title of this book?,Born On A Blue Day: Inside the Extraordinary Mind of an Autistic Savant
1416549013,images/1416549013.jpg,What is the genre of this book?,Medical Books
1416549013,images/1416549013.jpg,Is this a pharmaceutical book?,Yes
1416549013,images/1416549013.jpg,Is this a kids book?,No
738531324,images/738531324.jpg,Who is the author of this book?,Nicholas A. Veronico
738531324,images/738531324.jpg,What is the title of this book?,Moffett Field (CA) (Images of Aviation) (Images of America)
738531324,images/738531324.jpg,What is the genre of this book?,Arts & Photography
738531324,images/738531324.jpg,Is this an art related book?,Yes
738531324,images/738531324.jpg,Is this a religious book?,No
240807227,images/240807227.jpg,Who wrote this book?,Joan Van Tassel
240807227,images/240807227.jpg,What is the title of this book?,Digital Rights Management: Protecting and Monetizing Content (NAB Executive Technology Briefings)
240807227,images/240807227.jpg,What is the genre of this book?,Law
240807227,images/240807227.jpg,Is this a judicial book?,Yes
240807227,images/240807227.jpg,Is this a romantic book?,No
840733283,images/840733283.jpg,Who wrote this book?,William Kilpatrick
840733283,images/840733283.jpg,What is the title of this book?,Psychological Seduction
840733283,images/840733283.jpg,What type of book is this?,Religion & Spirituality
840733283,images/840733283.jpg,Is this a religious book?,Yes
840733283,images/840733283.jpg,Is this a pharmaceutical book?,No
1933889047,images/1933889047.jpg,Who is the author of this book?,Dr. Douglas J. Taber
1933889047,images/1933889047.jpg,What is the title of this book?,The Back Pain Solution:  Unlocking the Spinal Code
1933889047,images/1933889047.jpg,What is the genre of this book?,"Health, Fitness & Dieting"
1933889047,images/1933889047.jpg,Is this a fitness book?,Yes
61986755,images/61986755.jpg,Who is the author of this book?,Amy Krouse Rosenthal
61986755,images/61986755.jpg,What is the title of this book?,Plant a Kiss
61986755,images/61986755.jpg,What type of book is this?,Children's Books
61986755,images/61986755.jpg,Is this a kids book?,Yes
61986755,images/61986755.jpg,Is this a reference book?,No
756642035,images/756642035.jpg,Who is the author of this book?,Joan Pagano
756642035,images/756642035.jpg,What is the title of this book?,15 Minute Abs Workout
756642035,images/756642035.jpg,What type of book is this?,"Health, Fitness & Dieting"
756642035,images/756642035.jpg,"Is this book related to Health, Fitness & Dieting?",Yes
756642035,images/756642035.jpg,Is this book related to Politics & Social Sciences?,No
300179359,images/300179359.jpg,Who wrote this book?,Josef Albers
300179359,images/300179359.jpg,What is the title of this book?,Interaction of Color: 50th Anniversary Edition
300179359,images/300179359.jpg,What type of book is this?,Arts & Photography
300179359,images/300179359.jpg,Is this an art related book?,Yes
1476789088,images/1476789088.jpg,Who wrote this book?,Annie Liontas
1476789088,images/1476789088.jpg,What is the title of this book?,Let Me Explain You: A Novel
1476789088,images/1476789088.jpg,What is the genre of this book?,Literature & Fiction
1476789088,images/1476789088.jpg,Is this book related to Literature & Fiction?,Yes
1476789088,images/1476789088.jpg,Is this book related to Reference?,No
1936976005,images/1936976005.jpg,Who wrote this book?,Halley Bondy
1936976005,images/1936976005.jpg,What is the title of this book?,77 Things You Absolutely Have to Do Before You Finish College
1936976005,images/1936976005.jpg,What is the genre of this book?,Teen & Young Adult
1936976005,images/1936976005.jpg,Is this book related to Teen & Young Adult?,Yes
1936976005,images/1936976005.jpg,Is this book related to Education & Teaching?,No
1574322664,images/1574322664.jpg,Who is the author of this book?,Dorothy Kamn
1574322664,images/1574322664.jpg,What is the title of this book?,Painted Porcelain Jewelry and Buttons
1574322664,images/1574322664.jpg,What type of book is this?,"Crafts, Hobbies & Home"
1574322664,images/1574322664.jpg,Is this a crafts or hobbies related book?,Yes
1574322664,images/1574322664.jpg,Is this a recipe book?,No
425261263,images/425261263.jpg,Who wrote this book?,Beatriz Williams
425261263,images/425261263.jpg,What is the title of this book?,Overseas
425261263,images/425261263.jpg,What is the genre of this book?,Romance
425261263,images/425261263.jpg,Is this a romantic book?,Yes
425261263,images/425261263.jpg,Is this a reference book?,No
520239261,images/520239261.jpg,Who wrote this book?,Ella E. Clark
520239261,images/520239261.jpg,What is the title of this book?,Indian Legends of the Pacific Northwest
520239261,images/520239261.jpg,What type of book is this?,Literature & Fiction
520239261,images/520239261.jpg,Is this a crafts or hobbies related book?,No
